{
  "window": 10,
  "feat_dim": 47,
  "norm_mean": [
    0.0,
    0.0,
    -0.03445729240775108,
    0.026733864098787308,
    -0.1760772317647934,
    -0.10373149067163467,
    -0.30892887711524963,
    -0.23746062815189362,
    -0.40457090735435486,
    -0.32527145743370056,
    -0.5497992038726807,
    -0.5197210907936096,
    -0.6263529658317566,
    -0.645363986492157,
    -0.6529384851455688,
    -0.7259049415588379,
    -0.6426422595977783,
    -0.7833819389343262,
    -0.641339123249054,
    -0.8027176856994629,
    -0.5809078216552734,
    -0.8308812379837036,
    -0.7074768543243408,
    -0.8085000514984131,
    -0.6599216461181641,
    -0.7063750624656677,
    -0.712116539478302,
    -0.8890438675880432,
    -0.5427379608154297,
    -0.8745532035827637,
    -0.7196877598762512,
    -0.972764253616333,
    -0.6261830925941467,
    -1.1887868642807007,
    -0.0878109559416771,
    -0.028163496404886246,
    0.1021241545677185,
    0.014490649104118347,
    -0.21602171659469604,
    -0.14739541709423065,
    -0.1161520779132843,
    -0.3337080478668213,
    -0.007681671995669603,
    -0.0025770156644284725,
    -0.0019234888022765517,
    -0.0032949044834822416,
    0.0023313905112445354
  ],
  "norm_std": [
    9.999999974752427e-07,
    9.999999974752427e-07,
    0.700501561164856,
    0.9405341744422913,
    1.4355090856552124,
    1.7763783931732178,
    1.9737341403961182,
    2.36735463142395,
    2.41544771194458,
    2.9011292457580566,
    2.299100160598755,
    2.5236425399780273,
    2.3098483085632324,
    2.510526418685913,
    2.2495391368865967,
    2.4188191890716553,
    2.11690092086792,
    2.285079002380371,
    3.063138246536255,
    3.35418701171875,
    3.7113876342773438,
    4.324192047119141,
    3.218658924102783,
    3.469006061553955,
    3.820430040359497,
    4.43960428237915,
    3.1212799549102783,
    3.3341474533081055,
    3.606372356414795,
    4.180330753326416,
    2.82865571975708,
    3.0670440196990967,
    3.286451816558838,
    3.8163766860961914,
    0.5474329590797424,
    1.2814966440200806,
    1.3399871587753296,
    1.2580344676971436,
    1.00001859664917,
    0.6709269881248474,
    0.7173859477043152,
    2.594752788543701,
    3.242547035217285,
    2.038816452026367,
    0.17864403128623962,
    0.16548527777194977,
    0.04822857305407524
  ],
  "label_maps": {
    "tracks": {
      "NONE": 0,
      "NEXT": 1,
      "PREV": 2
    },
    "volume": {
      "VOL_DOWN": 0,
      "NONE": 1,
      "VOL_UP": 2
    },
    "playpause": {
      "OTHER": 0,
      "PLAY_PAUSE": 1
    }
  }
}